<?xml version="1.0" encoding="utf-8"?>
<!DOCTYPE install PUBLIC "-//Joomla! 2.5//DTD template 1.0//EN" "http://www.joomla.org/xml/dtd/2.5/template-install.dtd">

<extension version="3.4" type="template" client="site" method="upgrade">
	
	<name>Joomla Freelance</name><!-- name the template -->
	<creationDate>2015-03-28</creationDate><!-- the date your are beginn to code -->
	<author>Alejandro Pascoli</author><!-- your name (oops, I repeat myself) -->
	<copyright>Copyright © 2015 Zonasitio.com</copyright><!-- for who you are coding -->
	<authorEmail>info@zonasitio.com</authorEmail><!-- your email address -->
	<authorUrl>http://www.zonasitio.com</authorUrl><!-- your url -->
	<version>1.0.0</version><!-- give your template a number -->
	<description><![CDATA[ 
		<h1>Joomla Freelace for Joomla</h1>
		<p>Created by <a href="http://www.zonasitio.com" target="_blank">Alejandro Pascoli | zonasitio.com</a>.</p>
		<p>Based on <a href="http://startbootstrap.com/template-overviews/Freelance/" target="_blank">Start Bootstrap | startbootstrap.com/template-overviews/freelance/</a>.</p>
	]]></description><!-- change the description as you like -->
	
	<files><!-- no need to change -->
		<folder>css</folder>
		<folder>fonts</folder>
		<folder>html</folder>
		<folder>images</folder>
		<folder>js</folder>
		<filename>component.php</filename>
		<filename>error.php</filename>
		<filename>index.php</filename>
		<filename>offline.php</filename>
		<filename>template_preview.png</filename>
		<filename>template_thumbnail.png</filename>
		<filename>templateDetails.xml</filename>
	</files>
	
	<positions><!-- define the positions for modules here -->
		<position>top</position>
		<position>navbar</position>
		<position>breadcrumbs</position>
		<position>slide</position>
		<position>slogan</position>
		<position>sidebar_a</position>
		<position>sidebar_b</position>
		<position>bottom</position>
		<position>debug</position>

	</positions>
	
</extension>
